<?xml version="1.0" encoding="UTF-8"?>
<root>
  <item name="com.qysd.avchatkit.common.recyclerview.adapter.BaseFetchLoadAdapter void openLoadAnimation(int) 0">
    <annotation name="android.support.annotation.IntDef">
      <val name="value" val="{com.qysd.avchatkit.common.recyclerview.adapter.BaseFetchLoadAdapter.ALPHAIN, com.qysd.avchatkit.common.recyclerview.adapter.BaseFetchLoadAdapter.SCALEIN, com.qysd.avchatkit.common.recyclerview.adapter.BaseFetchLoadAdapter.SLIDEIN_BOTTOM, com.qysd.avchatkit.common.recyclerview.adapter.BaseFetchLoadAdapter.SLIDEIN_LEFT, com.qysd.avchatkit.common.recyclerview.adapter.BaseFetchLoadAdapter.SLIDEIN_RIGHT}" />
    </annotation>
  </item>
  <item name="com.qysd.avchatkit.common.recyclerview.adapter.BaseFetchLoadAdapter.AnimationType">
    <annotation name="android.support.annotation.IntDef">
      <val name="value" val="{com.qysd.avchatkit.common.recyclerview.adapter.BaseFetchLoadAdapter.ALPHAIN, com.qysd.avchatkit.common.recyclerview.adapter.BaseFetchLoadAdapter.SCALEIN, com.qysd.avchatkit.common.recyclerview.adapter.BaseFetchLoadAdapter.SLIDEIN_BOTTOM, com.qysd.avchatkit.common.recyclerview.adapter.BaseFetchLoadAdapter.SLIDEIN_LEFT, com.qysd.avchatkit.common.recyclerview.adapter.BaseFetchLoadAdapter.SLIDEIN_RIGHT}" />
    </annotation>
  </item>
</root>

